2.317301512,-0.156093836,0.764666140,-0.090349987,-0.013480967,-0.975940049,0.197980449,-0.049815170,0.340144485,0.606320977,0.256151319,-0.048748758,0.048013974,0.281011760,-0.087247238,-0.352645665,0.191001058,-0.337150961,0.030439790,0.007121672,0.044544242,0.113663994,-0.867074013,0.427798837,-0.216534376,0.043461189,-0.448268294,-0.359872043,0.555490792,-0.727099299,-0.525543571,0.402380347,-0.419827938,-0.092399105,-0.244427383,-0.567978382
2.317301512,-0.156093836,0.764666140,-0.090349987,-0.013480967,-0.975940049,0.197980449,-0.049815170,0.340144485,0.606320977,0.256151319,-0.048748758,0.048013974,0.281011760,-0.087247238,-0.352645665,0.191001058,-0.337150961,0.030439790,0.007121672,0.044544242,0.113663994,-0.867074013,0.427798837,-0.216534376,0.043461189,-0.448268294,-0.359872043,0.555490792,-0.727099299,-0.525543571,0.402380347,-0.419827938,-0.092399105,-0.244427383,-0.567978382
2.317301512,-0.156093836,0.764666140,-0.090349987,-0.013480967,-0.975940049,0.197980449,-0.049815170,0.340144485,0.606320977,0.256151319,-0.048748758,0.048013974,0.281011760,-0.087247238,-0.352645665,0.191001058,-0.337150961,0.030439790,0.007121672,0.044544242,0.113663994,-0.867074013,0.427798837,-0.216534376,0.043461189,-0.448268294,-0.359872043,0.555490792,-0.727099299,-0.525543571,0.402380347,-0.419827938,-0.092399105,-0.244427383,-0.567978382
2.317301512,-0.156093836,0.764666140,-0.090349987,-0.013480967,-0.975940049,0.197980449,-0.049815170,0.340144485,0.606320977,0.256151319,-0.048748758,0.048013974,0.281011760,-0.087247238,-0.352645665,0.191001058,-0.337150961,0.030439790,0.007121672,0.044544242,0.113663994,-0.867074013,0.427798837,-0.216534376,0.043461189,-0.448268294,-0.359872043,0.555490792,-0.727099299,-0.525543571,0.402380347,-0.419827938,-0.092399105,-0.244427383,-0.567978382
2.317301512,-0.156093836,0.764666140,-0.090349987,-0.013480967,-0.975940049,0.197980449,-0.049815170,0.340144485,0.606320977,0.256151319,-0.048748758,0.048013974,0.281011760,-0.087247238,-0.352645665,0.191001058,-0.337150961,0.030439790,0.007121672,0.044544242,0.113663994,-0.867074013,0.427798837,-0.216534376,0.043461189,-0.448268294,-0.359872043,0.555490792,-0.727099299,-0.525543571,0.402380347,-0.419827938,-0.092399105,-0.244427383,-0.567978382
2.317301512,-0.156093836,0.764666140,-0.090349987,-0.013480967,-0.975940049,0.197980449,-0.047797993,0.340953171,0.612216651,0.256546855,-0.049214825,0.049562227,0.280703723,-0.087489918,-0.350413889,0.190662846,-0.337667763,0.030582985,0.005603197,0.044678535,0.114919432,-0.865558803,0.430883467,-0.215503410,0.041467771,-0.448178291,-0.359239459,0.554160476,-0.727113664,-0.525670350,0.402763546,-0.419945419,-0.090048850,-0.242782131,-0.565726936
2.317301512,-0.156093836,0.764666140,-0.090349987,-0.013480967,-0.975940049,0.197980449,-0.042182595,0.343204349,0.628628850,0.257648021,-0.050512262,0.053872231,0.279846132,-0.088165507,-0.344201058,0.189721301,-0.339106470,0.030981604,0.001376091,0.045052376,0.118414298,-0.861340821,0.439470470,-0.212633431,0.035918530,-0.447927803,-0.357478440,0.550457120,-0.727153599,-0.526023388,0.403830320,-0.420272440,-0.083506234,-0.238202095,-0.559459448
2.317301512,-0.156093836,0.764666140,-0.090349987,-0.013480967,-0.975940049,0.197980449,-0.033623207,0.346635759,0.653645456,0.259326458,-0.052489910,0.060441852,0.278538913,-0.089195281,-0.334731013,0.188286141,-0.341299415,0.031589210,-0.005067167,0.045622207,0.123741426,-0.854911447,0.452559382,-0.208258808,0.027459977,-0.447545946,-0.354794145,0.544812262,-0.727214456,-0.526561439,0.405456364,-0.420770913,-0.073533513,-0.231220871,-0.549906015
2.317301512,-0.156093836,0.764666140,-0.090349987,-0.013480967,-0.975940049,0.197980449,-0.022774043,0.350985110,0.685354471,0.261453927,-0.054996610,0.068768948,0.276882023,-0.090500541,-0.322727561,0.186467052,-0.344078988,0.032359358,-0.013234100,0.046344481,0.130493641,-0.846762121,0.469149768,-0.202713907,0.016738627,-0.447061926,-0.351391792,0.537657320,-0.727291584,-0.527243435,0.407517374,-0.421402723,-0.060892928,-0.222372055,-0.537796974
2.317301512,-0.156093836,0.764666140,-0.090349987,-0.013480967,-0.975940049,0.197980449,-0.010289328,0.355990171,0.721843779,0.263902098,-0.057881203,0.078351386,0.274975359,-0.092002571,-0.308914572,0.184373721,-0.347277641,0.033245608,-0.022632228,0.047175638,0.138263777,-0.837384284,0.488241196,-0.196333095,0.004400993,-0.446504980,-0.347476512,0.529423654,-0.727380335,-0.528028250,0.409889132,-0.422129810,-0.046346728,-0.212189257,-0.523862362
2.317301512,-0.156093836,0.764666140,-0.090349987,-0.013480967,-0.975940049,0.197980449,0.003176718,0.361388624,0.761201203,0.266542733,-0.060992531,0.088687025,0.272918820,-0.093622670,-0.294015855,0.182115853,-0.350727677,0.034201521,-0.032769073,0.048072129,0.146644667,-0.827269256,0.508833289,-0.189450726,-0.008906411,-0.445904225,-0.343253464,0.520542860,-0.727476120,-0.528874755,0.412447304,-0.422914028,-0.030657155,-0.201206058,-0.508832514
2.317301512,-0.156093836,0.764666140,-0.090349987,-0.013480967,-0.975940049,0.197980449,0.016969875,0.366918206,0.801514626,0.269247502,-0.064179435,0.099273734,0.270812333,-0.095282115,-0.278755188,0.179803148,-0.354261547,0.035180658,-0.043152157,0.048990395,0.155229136,-0.816908598,0.529925585,-0.182401180,-0.022537073,-0.445288897,-0.338927835,0.511446357,-0.727574170,-0.529741824,0.415067583,-0.423717320,-0.014586462,-0.189956054,-0.493437558
2.317301512,-0.156093836,0.764666140,-0.090349987,-0.013480967,-0.975940049,0.197980449,0.030435920,0.372316658,0.840872049,0.271888107,-0.067290768,0.109609380,0.268755764,-0.096902207,-0.263856471,0.177545279,-0.357711583,0.036136571,-0.053289004,0.049886882,0.163610041,-0.806793571,0.550517678,-0.175518811,-0.035844479,-0.444688141,-0.334704816,0.502565563,-0.727669895,-0.530588329,0.417625755,-0.424501538,0.001103109,-0.178972855,-0.478407681
2.317301512,-0.156093836,0.764666140,-0.090349987,-0.013480967,-0.975940049,0.197980449,0.042920634,0.377321690,0.877361357,0.274336308,-0.070175365,0.119191818,0.266849101,-0.098404244,-0.250043482,0.175451964,-0.360910237,0.037022822,-0.062687136,0.050718039,0.171380177,-0.797415733,0.569609165,-0.169137999,-0.048182111,-0.444131196,-0.330789536,0.494331956,-0.727758646,-0.531373143,0.419997513,-0.425228626,0.015649309,-0.168790042,-0.464473128
2.317301512,-0.156093836,0.764666140,-0.090349987,-0.013480967,-0.975940049,0.197980449,0.053769797,0.381671071,0.909070373,0.276463747,-0.072682060,0.127518907,0.265192211,-0.099709496,-0.238040030,0.173632860,-0.363689810,0.037792969,-0.070854068,0.051440313,0.178132385,-0.789266407,0.586199522,-0.163593099,-0.058903463,-0.443647176,-0.327387154,0.487176985,-0.727835834,-0.532055140,0.422058523,-0.425860435,0.028289896,-0.159941241,-0.452364028
2.317301512,-0.156093836,0.764666140,-0.090349987,-0.013480967,-0.975940049,0.197980449,0.062329188,0.385102451,0.934086978,0.278142214,-0.074659705,0.134088531,0.263885021,-0.100739278,-0.228569984,0.172197700,-0.365882754,0.038400576,-0.077297322,0.052010149,0.183459520,-0.782837033,0.599288464,-0.159218475,-0.067362018,-0.443265319,-0.324702889,0.481532097,-0.727896690,-0.532593191,0.423684567,-0.426358908,0.038262617,-0.152960017,-0.442810655
2.317301512,-0.156093836,0.764666140,-0.090349987,-0.013480967,-0.975940049,0.197980449,0.067944586,0.387353629,0.950499177,0.279243350,-0.075957142,0.138398528,0.263027430,-0.101414859,-0.222357154,0.171256170,-0.367321461,0.038799196,-0.081524432,0.052383985,0.186954379,-0.778619051,0.607875407,-0.156348512,-0.072911255,-0.443014830,-0.322941869,0.477828771,-0.727936566,-0.532946229,0.424751341,-0.426685929,0.044805232,-0.148379967,-0.436543137
2.317301512,-0.156093836,0.764666140,-0.090349987,-0.013480967,-0.975940049,0.197980449,0.069961764,0.388162315,0.956394851,0.279638916,-0.076423213,0.139946789,0.262719363,-0.101657547,-0.220125362,0.170917943,-0.367838264,0.038942389,-0.083042905,0.052518278,0.188209817,-0.777103841,0.610960066,-0.155317545,-0.074904673,-0.442924827,-0.322309256,0.476498455,-0.727950931,-0.533073008,0.425134540,-0.426803410,0.047155492,-0.146734715,-0.434291691
2.317301512,-0.156093836,0.764666140,-0.090349987,-0.013480967,-0.975940049,0.197980449,0.068609379,0.389478892,0.957790971,0.289607167,-0.084946476,0.142017603,0.258908421,-0.104816981,-0.216542140,0.173177019,-0.367526174,0.039184477,-0.087991983,0.053603120,0.195976317,-0.783064187,0.619953692,-0.151825234,-0.070421591,-0.441811562,-0.322977245,0.479533166,-0.738371491,-0.535571277,0.427499533,-0.424604088,0.048243798,-0.145566314,-0.434477746
2.317301512,-0.156093836,0.764666140,-0.090349987,-0.013480967,-0.975940049,0.197980449,0.065819055,0.391736239,0.958877027,0.302071363,-0.095569998,0.146232799,0.252509505,-0.108959913,-0.212478846,0.176443666,-0.367064446,0.039126430,-0.093094282,0.056387167,0.202324629,-0.787724197,0.632892549,-0.151227459,-0.064784445,-0.436584532,-0.322323799,0.482783884,-0.747654617,-0.540061593,0.430240065,-0.421690911,0.048303377,-0.143970355,-0.433619857
2.317301512,-0.156093836,0.764666140,-0.090349987,-0.013480967,-0.975940049,0.197980449,0.061545089,0.394404739,0.957110822,0.317711174,-0.109444112,0.149703398,0.245128274,-0.113858692,-0.207549006,0.182904646,-0.366722375,0.039086100,-0.099155210,0.059825331,0.208157077,-0.793236673,0.649832428,-0.154386714,-0.057802804,-0.433038741,-0.320476711,0.484350294,-0.756637394,-0.548074782,0.434638232,-0.418682009,0.051184736,-0.142327175,-0.431594759
2.317301512,-0.156093836,0.764666140,-0.090349987,-0.013480967,-0.975940049,0.197980449,0.055183806,0.397837728,0.952338994,0.338449270,-0.125246927,0.154410228,0.236989975,-0.119273275,-0.202162087,0.190207526,-0.365671068,0.039182026,-0.105112970,0.064719304,0.213414565,-0.799044490,0.674883783,-0.161422744,-0.050572284,-0.423991144,-0.316422820,0.484320521,-0.766936898,-0.563443720,0.440257668,-0.416252911,0.052712403,-0.140945420,-0.426721007
2.317301512,-0.156093836,0.764666140,-0.090349987,-0.013480967,-0.975940049,0.197980449,0.046086427,0.399682134,0.940280080,0.361573905,-0.144140735,0.157915786,0.228812084,-0.126534402,-0.198599160,0.200408652,-0.364672631,0.040091496,-0.110079132,0.072592817,0.219729990,-0.804177344,0.710607350,-0.174800456,-0.043439712,-0.412048101,-0.309237361,0.479777306,-0.778596818,-0.585970402,0.447722495,-0.412508100,0.057671692,-0.139062539,-0.416682214
2.317301512,-0.156093836,0.764666140,-0.090349987,-0.013480967,-0.975940049,0.197980449,0.035841107,0.399442375,0.924368441,0.382347763,-0.160429865,0.159437686,0.218789682,-0.134376407,-0.197378442,0.213732272,-0.363546282,0.042701986,-0.114182159,0.083127394,0.225274861,-0.806848764,0.758443892,-0.192226827,-0.038049854,-0.386175483,-0.299428523,0.469487131,-0.793841600,-0.616602957,0.456309795,-0.408065796,0.060936052,-0.137670547,-0.405077726
2.317301512,-0.156093836,0.764666140,-0.090349987,-0.013480967,-0.975940049,0.197980449,0.020613533,0.395861685,0.903754473,0.403598458,-0.174595535,0.158396319,0.205755085,-0.145210579,-0.200539455,0.231350482,-0.358334512,0.045858018,-0.116915986,0.096695222,0.229947478,-0.805958629,0.817745745,-0.212394118,-0.045095928,-0.362167925,-0.289938122,0.455975413,-0.811575472,-0.657224476,0.464815080,-0.411075503,0.061521184,-0.139604211,-0.393187493
2.317301512,-0.156093836,0.764666140,-0.090349987,-0.013480967,-0.975940049,0.197980449,-0.000672263,0.390292168,0.876515567,0.426457882,-0.195561320,0.156640947,0.195337027,-0.154704928,-0.205404669,0.249569088,-0.350419998,0.050672945,-0.119647466,0.110093974,0.235282272,-0.806199610,0.880754411,-0.232422158,-0.057717316,-0.345973492,-0.283649027,0.442844898,-0.828284860,-0.703293204,0.473316222,-0.416516930,0.068696097,-0.142780364,-0.378605932
2.317301512,-0.156093836,0.764666140,-0.090349987,-0.013480967,-0.975940049,0.197980449,-0.040442683,0.383495629,0.830238402,0.463375956,-0.213750109,0.154128119,0.182305843,-0.166846022,-0.219437927,0.281513751,-0.343280196,0.050275017,-0.118380107,0.124323405,0.247029588,-0.808398247,0.956004679,-0.246610880,-0.094838135,-0.331894159,-0.281942159,0.424782276,-0.848618567,-0.767559230,0.474837393,-0.440230727,0.078075163,-0.157969743,-0.360417336
2.317301512,-0.156093836,0.764666140,-0.090349987,-0.013480967,-0.975940049,0.197980449,-0.072289012,0.362129092,0.784720719,0.483001113,-0.229842082,0.155263871,0.173226297,-0.180078506,-0.231046230,0.309693336,-0.342686236,0.052386083,-0.105135016,0.129646972,0.251532048,-0.792414844,1.028067470,-0.246016338,-0.147274345,-0.301738977,-0.283449113,0.419716865,-0.846564114,-0.832341313,0.464403272,-0.449960709,0.065047123,-0.157010511,-0.335634679
2.317301512,-0.156093836,0.764666140,-0.090349987,-0.013480967,-0.975940049,0.197980449,-0.139462650,0.335456640,0.708828509,0.529893041,-0.252502203,0.154084757,0.166214764,-0.195457295,-0.267682999,0.352556288,-0.344351888,0.042564228,-0.075465888,0.126126945,0.256586999,-0.754025817,1.113264918,-0.217565566,-0.252125531,-0.272526324,-0.287701547,0.408155382,-0.830190480,-0.930866838,0.419987023,-0.494185120,0.042420726,-0.176608607,-0.322514445
2.317301512,-0.156093836,0.764666140,-0.090349987,-0.013480967,-0.975940049,0.197980449,-0.207503721,0.288541496,0.634498596,0.561412752,-0.278580487,0.161500558,0.173204556,-0.211571768,-0.331470549,0.402124226,-0.364024580,0.025610099,-0.037150256,0.107786939,0.251241535,-0.706381917,1.174993396,-0.163221270,-0.346556127,-0.223021939,-0.293154776,0.420350045,-0.790189505,-1.025599957,0.356718600,-0.518083394,-0.008073754,-0.179082453,-0.324356973
2.317301512,-0.156093836,0.764666140,-0.090349987,-0.013480967,-0.975940049,0.197980449,-0.285879552,0.230574712,0.553189039,0.605730653,-0.310461134,0.170473188,0.184425220,-0.221596360,-0.413015276,0.481243134,-0.394762069,-0.006817214,0.013070811,0.075017042,0.238656685,-0.650981605,1.217568517,-0.103209198,-0.435991496,-0.154525280,-0.296940416,0.414818496,-0.748728037,-1.121297240,0.278530419,-0.540300071,-0.091170810,-0.188608229,-0.356584728
2.317301512,-0.156093836,0.764666140,-0.090349987,-0.013480967,-0.975940049,0.197980449,-0.374946952,0.164242089,0.455284745,0.680988908,-0.348370045,0.181207865,0.193159059,-0.224908903,-0.491695046,0.607749939,-0.435261488,-0.047012907,0.070718400,0.019067133,0.218722269,-0.629793882,1.236717105,-0.083805077,-0.506182492,-0.108940996,-0.298493654,0.400980145,-0.756586492,-1.209890842,0.237359226,-0.541329741,-0.181736842,-0.179446697,-0.401638657
2.317301512,-0.156093836,0.764666140,-0.090349987,-0.013480967,-0.975940049,0.197980449,-0.459735096,0.109400123,0.351561844,0.791622221,-0.386791736,0.190366715,0.191358536,-0.216908872,-0.543185353,0.761617601,-0.474747896,-0.078526258,0.148139894,-0.057656143,0.204057157,-0.678787470,1.222976804,-0.141067803,-0.550007463,-0.110945746,-0.286470056,0.371231854,-0.845948279,-1.266607642,0.261043519,-0.456653804,-0.271595985,-0.136924818,-0.458698004
2.317301512,-0.156093836,0.764666140,-0.090349987,-0.013480967,-0.975940049,0.197980449,-0.544612706,0.046873469,0.239386320,0.940931022,-0.425322980,0.192676842,0.188013852,-0.186587393,-0.567148447,0.907738507,-0.512206972,-0.081422836,0.264245063,-0.153306782,0.215613246,-0.873305857,1.179895878,-0.337673992,-0.542258382,-0.107169397,-0.259145111,0.354716122,-1.051758409,-1.293036938,0.430224448,-0.160709053,-0.280348003,-0.069150195,-0.485129684
2.317301512,-0.156093836,0.764666140,-0.090349987,-0.013480967,-0.975940049,0.197980449,-0.595788121,-0.008746532,0.156979576,1.066273212,-0.436661065,0.179806635,0.180732265,-0.134417474,-0.561225951,0.999310017,-0.481013238,-0.039812412,0.420479238,-0.254819185,0.255608648,-1.129377604,1.046721816,-0.610613048,-0.470670372,-0.089519218,-0.254619688,0.398474783,-1.358005881,-1.234855056,0.789645016,0.557023227,-0.135148242,-0.041172098,-0.328664005
2.317301512,-0.156093836,0.764666140,-0.090349987,-0.013480967,-0.975940049,0.197980449,-0.630003512,-0.054273382,0.111990750,1.125941992,-0.444255739,0.171778962,0.182183370,-0.105635643,-0.568792343,1.052655339,-0.449573189,-0.019639382,0.500859737,-0.285931379,0.297927737,-1.191072941,0.925202787,-0.650723577,-0.423085243,-0.027847804,-0.230261624,0.395200640,-1.536656618,-1.161502123,0.938781202,0.919017673,-0.111670464,-0.006989198,-0.200570866
2.317301512,-0.156093836,0.764666140,-0.090349987,-0.013480967,-0.975940049,0.197980449,-0.645440280,-0.063241825,0.093211196,1.173185349,-0.445197612,0.165190428,0.191746324,-0.090969689,-0.580763876,1.078942537,-0.446525782,-0.028700642,0.545959294,-0.301312625,0.328733295,-1.184403062,0.859553933,-0.655214071,-0.393467635,-0.019559752,-0.233091846,0.394265056,-1.593007207,-1.088616371,1.011747718,1.047759771,-0.091171935,-0.001692349,-0.153757796
2.317301512,-0.156093836,0.764666140,-0.090349987,-0.013480967,-0.975940049,0.197980449,-0.644238830,-0.049458716,0.100574896,1.191574335,-0.444779813,0.170968816,0.206498057,-0.076821581,-0.582313180,1.061238647,-0.452331394,-0.045815464,0.566816866,-0.300479174,0.353585690,-1.151351690,0.833076596,-0.615270615,-0.376124978,-0.050743770,-0.251103848,0.388468176,-1.575992346,-1.054076433,1.045118332,1.015060425,-0.086638428,-0.021312781,-0.136388600
2.317301512,-0.156093836,0.764666140,-0.090349987,-0.013480967,-0.975940049,0.197980449,-0.617526710,-0.025072368,0.112123162,1.169146895,-0.436367393,0.178839102,0.229545474,-0.072070792,-0.576220453,1.011644006,-0.460549325,-0.055991761,0.559504330,-0.280584693,0.365468234,-1.085747957,0.849505126,-0.544021130,-0.381497562,-0.076262996,-0.275994718,0.368028879,-1.520414352,-1.055896521,1.030987382,0.859644949,-0.093591124,-0.049556866,-0.146849170
2.317301512,-0.156093836,0.764666140,-0.090349987,-0.013480967,-0.975940049,0.197980449,-0.578443408,0.015731564,0.144424975,1.124934435,-0.428586066,0.193437129,0.256168246,-0.077523753,-0.565876663,0.939088762,-0.471381605,-0.062896594,0.535891652,-0.255359203,0.358331710,-0.977470756,0.903077304,-0.442626476,-0.397317350,-0.101047151,-0.291758627,0.351946980,-1.429340720,-1.078653336,0.969748855,0.570345581,-0.101778038,-0.079086848,-0.185975060
2.317301512,-0.156093836,0.764666140,-0.090349987,-0.013480967,-0.975940049,0.197980449,-0.527675271,0.046827894,0.166842788,1.047196150,-0.403880239,0.202354565,0.295159191,-0.096159056,-0.574912608,0.839439571,-0.467544764,-0.066511914,0.491911530,-0.224398881,0.331705481,-0.831084728,0.962400198,-0.320002198,-0.425818235,-0.106633432,-0.302386969,0.321001589,-1.295275927,-1.102393270,0.843889475,0.195358917,-0.120277189,-0.112809442,-0.223286062
2.317301512,-0.156093836,0.764666140,-0.090349987,-0.013480967,-0.975940049,0.197980449,-0.472378314,0.073830985,0.197794214,0.947364867,-0.359569281,0.197430015,0.336502969,-0.114651039,-0.588403225,0.710120320,-0.447492629,-0.056627411,0.455002099,-0.192897379,0.297439337,-0.687770188,1.003622413,-0.213127643,-0.456877291,-0.113396928,-0.313153327,0.320121199,-1.135209203,-1.085435390,0.707592785,-0.101632304,-0.122669980,-0.150007784,-0.250125110
2.317301512,-0.156093836,0.764666140,-0.090349987,-0.013480967,-0.975940049,0.197980449,-0.406841367,0.108089902,0.240050912,0.817798197,-0.289067239,0.184714913,0.368481994,-0.132156506,-0.604103267,0.572930157,-0.405586779,-0.037622187,0.423228502,-0.157055244,0.267586499,-0.569536626,1.017753005,-0.121327162,-0.477793127,-0.097913109,-0.326291978,0.336925626,-1.009604096,-1.042235017,0.598486781,-0.298170775,-0.132860556,-0.185406089,-0.262769341
2.317301512,-0.156093836,0.764666140,-0.090349987,-0.013480967,-0.975940049,0.197980449,-0.345586956,0.131686404,0.291148186,0.686357558,-0.214681432,0.163298637,0.387589365,-0.150874406,-0.608395100,0.435730428,-0.348719835,-0.016940856,0.391602159,-0.125774756,0.236678183,-0.460928530,1.016934037,-0.041395716,-0.495820731,-0.070053160,-0.340759546,0.370979756,-0.908020854,-0.990395188,0.518541217,-0.421537310,-0.142902583,-0.211223140,-0.277990788
2.317301512,-0.156093836,0.764666140,-0.090349987,-0.013480967,-0.975940049,0.197980449,-0.290158629,0.147915736,0.346708864,0.555108428,-0.141594499,0.145391971,0.376964033,-0.167749748,-0.591972291,0.328441024,-0.286519557,-0.000313393,0.354096949,-0.095503584,0.196262926,-0.359524399,1.003181338,0.035690062,-0.508924425,-0.034128886,-0.353034914,0.397314936,-0.827983916,-0.927603066,0.459359497,-0.514401674,-0.149619699,-0.235571399,-0.303814441
2.317301512,-0.156093836,0.764666140,-0.090349987,-0.013480967,-0.975940049,0.197980449,-0.239154875,0.165758967,0.404755414,0.435739189,-0.066214688,0.126335219,0.351451993,-0.181219786,-0.562268019,0.262299776,-0.253542781,0.013072401,0.312919617,-0.062521003,0.165703520,-0.287573576,0.972790182,0.087662689,-0.512268186,-0.025592046,-0.359661490,0.424629450,-0.779163897,-0.860579371,0.420642704,-0.569934964,-0.155412018,-0.243588403,-0.335031688
2.317301512,-0.156093836,0.764666140,-0.090349987,-0.013480967,-0.975940049,0.197980449,-0.191382036,0.181051403,0.459104896,0.340746433,-0.018460734,0.114167430,0.316945106,-0.186238453,-0.507892072,0.216610789,-0.228779033,0.030533900,0.270048410,-0.032944713,0.136379182,-0.237772375,0.943034410,0.117725216,-0.510927558,-0.037847687,-0.363814175,0.434165746,-0.755813301,-0.799107850,0.398773521,-0.611010432,-0.162086964,-0.244261980,-0.348253667
2.317301512,-0.156093836,0.764666140,-0.090349987,-0.013480967,-0.975940049,0.197980449,-0.162900582,0.193649575,0.500573814,0.278922796,0.010003926,0.106783532,0.286787868,-0.187903211,-0.465624034,0.190426067,-0.216620788,0.042554699,0.218385324,-0.003187520,0.114490539,-0.216111124,0.919381618,0.129959539,-0.505469799,-0.052821033,-0.360530227,0.440673113,-0.742334485,-0.749469936,0.382765085,-0.636779308,-0.176398471,-0.236918077,-0.367453218
2.317301512,-0.156093836,0.764666140,-0.090349987,-0.013480967,-0.975940049,0.197980449,-0.140446827,0.209688142,0.533385396,0.238142177,0.027082644,0.101866275,0.262147099,-0.184733570,-0.423109710,0.181169659,-0.219330251,0.048641361,0.161590666,0.022647120,0.104068302,-0.218019441,0.898740947,0.127793908,-0.497300655,-0.077630416,-0.353364170,0.442127466,-0.737848878,-0.702247739,0.378532231,-0.650384068,-0.192558900,-0.221745327,-0.388322294
2.317301512,-0.156093836,0.764666140,-0.090349987,-0.013480967,-0.975940049,0.197980449,-0.121617571,0.224537477,0.563676357,0.210483357,0.026127383,0.101396143,0.242599174,-0.179503858,-0.389657021,0.179129645,-0.230652735,0.052625131,0.104644060,0.042345110,0.101424024,-0.245023504,0.871779621,0.113792643,-0.478632092,-0.106561147,-0.347030103,0.447434306,-0.737735927,-0.653792739,0.378212154,-0.653976858,-0.210325912,-0.208483741,-0.412949622
2.317301512,-0.156093836,0.764666140,-0.090349987,-0.013480967,-0.975940049,0.197980449,-0.105278097,0.239985734,0.594449341,0.195217445,0.013274970,0.102959372,0.227530196,-0.172878295,-0.360100538,0.181264982,-0.247700825,0.055977717,0.048829783,0.056897178,0.101372600,-0.297095805,0.842922926,0.087371178,-0.442660123,-0.136108890,-0.335513830,0.446078032,-0.736668527,-0.610230982,0.382494748,-0.642759383,-0.221297011,-0.192649633,-0.436385632
2.317301512,-0.156093836,0.764666140,-0.090349987,-0.013480967,-0.975940049,0.197980449,-0.090920739,0.255321234,0.622926593,0.184999228,0.001721759,0.106850512,0.218088150,-0.164964482,-0.339219421,0.188066870,-0.265892923,0.053237464,-0.000296708,0.068304241,0.104047641,-0.366677731,0.807378054,0.051041227,-0.391559273,-0.164220423,-0.324814081,0.442724347,-0.734546185,-0.570652246,0.385649621,-0.626478076,-0.230126798,-0.183171004,-0.454208821
2.317301512,-0.156093836,0.764666140,-0.090349987,-0.013480967,-0.975940049,0.197980449,-0.078246266,0.268492490,0.641181231,0.179173961,-0.011526676,0.108870491,0.215249956,-0.157338411,-0.332348585,0.194098502,-0.284799337,0.049919035,-0.039333355,0.076649927,0.108407460,-0.441041917,0.767574430,0.009947751,-0.333696693,-0.196868360,-0.317423850,0.439488024,-0.729779124,-0.541236639,0.383849263,-0.604616582,-0.242422238,-0.172964767,-0.473377764
2.317301512,-0.156093836,0.764666140,-0.090349987,-0.013480967,-0.975940049,0.197980449,-0.068093032,0.274640560,0.655034363,0.173618004,-0.022557342,0.108983800,0.213668242,-0.152838498,-0.325110137,0.199523792,-0.296688557,0.045513235,-0.061079383,0.080209859,0.112591565,-0.510814965,0.732586443,-0.031238034,-0.275804579,-0.220736608,-0.308911383,0.436671644,-0.728898048,-0.523832977,0.383274138,-0.587138414,-0.245123908,-0.167474896,-0.490226746
2.317301512,-0.156093836,0.764666140,-0.090349987,-0.013480967,-0.975940049,0.197980449,-0.062458917,0.285197556,0.678443968,0.168471247,-0.032044262,0.112330794,0.210783541,-0.145586222,-0.322727114,0.200852185,-0.304192483,0.043584384,-0.078595132,0.086236961,0.114198685,-0.578197896,0.702678263,-0.069846720,-0.218705148,-0.241841823,-0.301783234,0.427263230,-0.727809310,-0.512054145,0.376641184,-0.570406973,-0.237452969,-0.165647656,-0.512458742
2.317301512,-0.156093836,0.764666140,-0.090349987,-0.013480967,-0.975940049,0.197980449,-0.054738231,0.288342088,0.693160534,0.158467814,-0.037712079,0.111673251,0.210878313,-0.141741216,-0.323160112,0.197440788,-0.303079486,0.044598032,-0.082304776,0.086796597,0.115552835,-0.632608771,0.675807178,-0.102571167,-0.174594834,-0.265830338,-0.301431447,0.429964066,-0.734091282,-0.506187201,0.372690618,-0.564508021,-0.224513739,-0.168297470,-0.526484668
2.317301512,-0.156093836,0.764666140,-0.090349987,-0.013480967,-0.975940049,0.197980449,-0.050385043,0.291484565,0.704434335,0.149839550,-0.037888866,0.109321825,0.210266158,-0.137274593,-0.321616530,0.192476481,-0.303194165,0.046751473,-0.080009364,0.086565755,0.117209353,-0.672467172,0.660320163,-0.123222075,-0.148836330,-0.274278373,-0.303875953,0.439216703,-0.738445163,-0.509160638,0.364369184,-0.559985578,-0.214685097,-0.169835329,-0.537007868
2.317301512,-0.156093836,0.764666140,-0.090349987,-0.013480967,-0.975940049,0.197980449,-0.045787785,0.294361413,0.718176246,0.147426486,-0.040065482,0.109958708,0.212850302,-0.132751286,-0.319145560,0.189525649,-0.305745244,0.047632206,-0.073371552,0.084700160,0.121192716,-0.697642088,0.652972877,-0.138341293,-0.134783760,-0.281905711,-0.305589110,0.443724632,-0.744672537,-0.517275333,0.357810676,-0.560405433,-0.205548316,-0.171504408,-0.544959545
2.317301512,-0.156093836,0.764666140,-0.090349987,-0.013480967,-0.975940049,0.197980449,-0.045867030,0.295262247,0.715975404,0.149565741,-0.040236332,0.108739890,0.214191437,-0.131855950,-0.319804698,0.189554676,-0.306363195,0.047293928,-0.071787775,0.083910055,0.121044584,-0.700975835,0.648542345,-0.139879808,-0.131276622,-0.285179049,-0.306657165,0.445923746,-0.744326770,-0.517437994,0.358687639,-0.557639420,-0.203322008,-0.172939241,-0.545412481
2.317301512,-0.156093836,0.764666140,-0.090349987,-0.013480967,-0.975940049,0.197980449,-0.046086110,0.297752768,0.709890664,0.155480176,-0.040708687,0.105370209,0.217899293,-0.129380614,-0.321627051,0.189634934,-0.308071584,0.046358693,-0.067409091,0.081725650,0.120635033,-0.710192621,0.636293292,-0.144133374,-0.121580429,-0.294228852,-0.309610069,0.452003598,-0.743370831,-0.517887771,0.361112148,-0.549992263,-0.197166890,-0.176906109,-0.546664655
2.317301512,-0.156093836,0.764666140,-0.090349987,-0.013480967,-0.975940049,0.197980449,-0.046417065,0.301515013,0.700698853,0.164414734,-0.041422244,0.100279845,0.223500535,-0.125641271,-0.324379951,0.189756185,-0.310652375,0.044945892,-0.060794488,0.078425795,0.120016351,-0.724115849,0.617789447,-0.150558963,-0.106932990,-0.307899863,-0.314070821,0.461188108,-0.741926730,-0.518567264,0.364774674,-0.538440228,-0.187868759,-0.182898626,-0.548556209
2.317301512,-0.156093836,0.764666140,-0.090349987,-0.013480967,-0.975940049,0.197980449,-0.046831921,0.306231111,0.689176738,0.175614402,-0.042316701,0.093898959,0.230521798,-0.120953940,-0.327830762,0.189908162,-0.313887477,0.043174911,-0.052502938,0.074289367,0.119240828,-0.741568863,0.594594419,-0.158613577,-0.088572107,-0.325036764,-0.319662482,0.472701043,-0.740116537,-0.519418955,0.369365782,-0.523959398,-0.176213339,-0.190410361,-0.550927401
2.317301512,-0.156093836,0.764666140,-0.090349987,-0.013480967,-0.975940049,0.197980449,-0.047302715,0.311583072,0.676101029,0.188324139,-0.043331761,0.086657740,0.238489747,-0.115634598,-0.331746876,0.190080643,-0.317558736,0.041165151,-0.043093432,0.069595218,0.118360728,-0.761375189,0.568271995,-0.167754203,-0.067735605,-0.344484240,-0.326008052,0.485766292,-0.738062263,-0.520385504,0.374575883,-0.507526159,-0.162986398,-0.198934928,-0.553618252
2.317301512,-0.156093836,0.764666140,-0.090349987,-0.013480967,-0.975940049,0.197980449,-0.047801480,0.317252964,0.662248611,0.201788902,-0.044407118,0.078986339,0.246931031,-0.109999262,-0.335895628,0.190263361,-0.321448117,0.039035998,-0.033124939,0.064622201,0.117428355,-0.782358050,0.540385842,-0.177437827,-0.045661286,-0.365087003,-0.332730591,0.499607712,-0.735885918,-0.521409452,0.380095512,-0.490116686,-0.148973718,-0.207965896,-0.556468964
2.317301512,-0.156093836,0.764666140,-0.090349987,-0.013480967,-0.975940049,0.197980449,-0.048300240,0.322922856,0.648396194,0.215253651,-0.045482479,0.071314946,0.255372345,-0.104363918,-0.340044349,0.190446079,-0.325337470,0.036906846,-0.023156449,0.059649188,0.116495982,-0.803340912,0.512499750,-0.187121466,-0.023586970,-0.385689765,-0.339453131,0.513449132,-0.733709633,-0.522433400,0.385615140,-0.472707212,-0.134961024,-0.216996863,-0.559319675
2.317301512,-0.156093836,0.764666140,-0.090349987,-0.013480967,-0.975940049,0.197980449,-0.048771035,0.328274816,0.635320485,0.227963388,-0.046497539,0.064073719,0.263340294,-0.099044584,-0.343960464,0.190618545,-0.329008728,0.034897085,-0.013746942,0.054955035,0.115615882,-0.823147237,0.486177295,-0.196262091,-0.002750464,-0.405137241,-0.345798701,0.526514351,-0.731655359,-0.523399949,0.390825242,-0.456273943,-0.121734090,-0.225521430,-0.562010527
2.317301512,-0.156093836,0.764666140,-0.090349987,-0.013480967,-0.975940049,0.197980449,-0.049185894,0.332990885,0.623798370,0.239163056,-0.047391996,0.057692841,0.270361543,-0.094357245,-0.347411275,0.190770537,-0.332243830,0.033126105,-0.005455394,0.050818607,0.114840358,-0.840600252,0.462982267,-0.204316705,0.015610416,-0.422274143,-0.351390362,0.538027346,-0.729845166,-0.524251640,0.395416349,-0.441793174,-0.110078670,-0.233033180,-0.564381719
2.317301512,-0.156093836,0.764666140,-0.090349987,-0.013480967,-0.975940049,0.197980449,-0.049516845,0.336753160,0.614606559,0.248097613,-0.048105553,0.052602474,0.275962770,-0.090617903,-0.350164205,0.190891773,-0.334824622,0.031713303,0.001159211,0.047518756,0.114221677,-0.854523480,0.444478393,-0.210742295,0.030257858,-0.435945153,-0.355851114,0.547211826,-0.728401065,-0.524931133,0.399078876,-0.430241078,-0.100780532,-0.239025682,-0.566273272
2.317301512,-0.156093836,0.764666140,-0.090349987,-0.013480967,-0.975940049,0.197980449,-0.049735930,0.339243680,0.608521819,0.254012048,-0.048577905,0.049232796,0.279670626,-0.088142566,-0.351986527,0.190972030,-0.336533010,0.030778067,0.005537893,0.045334350,0.113812126,-0.863740265,0.432229340,-0.214995846,0.039954055,-0.444994956,-0.358803988,0.553291678,-0.727445126,-0.525380909,0.401503384,-0.422593921,-0.094625421,-0.242992565,-0.567525446
2.317301512,-0.156093836,0.764666140,-0.090349987,-0.013480967,-0.975940049,0.197980449,-0.049815170,0.340144485,0.606320977,0.256151319,-0.048748758,0.048013974,0.281011760,-0.087247238,-0.352645665,0.191001058,-0.337150961,0.030439790,0.007121672,0.044544242,0.113663994,-0.867074013,0.427798837,-0.216534376,0.043461189,-0.448268294,-0.359872043,0.555490792,-0.727099299,-0.525543571,0.402380347,-0.419827938,-0.092399105,-0.244427383,-0.567978382
2.317301512,-0.156093836,0.764666140,-0.090349987,-0.013480967,-0.975940049,0.197980449,-0.049815170,0.340144485,0.606320977,0.256151319,-0.048748758,0.048013974,0.281011760,-0.087247238,-0.352645665,0.191001058,-0.337150961,0.030439790,0.007121672,0.044544242,0.113663994,-0.867074013,0.427798837,-0.216534376,0.043461189,-0.448268294,-0.359872043,0.555490792,-0.727099299,-0.525543571,0.402380347,-0.419827938,-0.092399105,-0.244427383,-0.567978382
2.317301512,-0.156093836,0.764666140,-0.090349987,-0.013480967,-0.975940049,0.197980449,-0.049815170,0.340144485,0.606320977,0.256151319,-0.048748758,0.048013974,0.281011760,-0.087247238,-0.352645665,0.191001058,-0.337150961,0.030439790,0.007121672,0.044544242,0.113663994,-0.867074013,0.427798837,-0.216534376,0.043461189,-0.448268294,-0.359872043,0.555490792,-0.727099299,-0.525543571,0.402380347,-0.419827938,-0.092399105,-0.244427383,-0.567978382
2.317301512,-0.156093836,0.764666140,-0.090349987,-0.013480967,-0.975940049,0.197980449,-0.049815170,0.340144485,0.606320977,0.256151319,-0.048748758,0.048013974,0.281011760,-0.087247238,-0.352645665,0.191001058,-0.337150961,0.030439790,0.007121672,0.044544242,0.113663994,-0.867074013,0.427798837,-0.216534376,0.043461189,-0.448268294,-0.359872043,0.555490792,-0.727099299,-0.525543571,0.402380347,-0.419827938,-0.092399105,-0.244427383,-0.567978382
2.317301512,-0.156093836,0.764666140,-0.090349987,-0.013480967,-0.975940049,0.197980449,-0.049815170,0.340144485,0.606320977,0.256151319,-0.048748758,0.048013974,0.281011760,-0.087247238,-0.352645665,0.191001058,-0.337150961,0.030439790,0.007121672,0.044544242,0.113663994,-0.867074013,0.427798837,-0.216534376,0.043461189,-0.448268294,-0.359872043,0.555490792,-0.727099299,-0.525543571,0.402380347,-0.419827938,-0.092399105,-0.244427383,-0.567978382
2.317301512,-0.156093836,0.764666140,-0.090349987,-0.013480967,-0.975940049,0.197980449,-0.049815170,0.340144485,0.606320977,0.256151319,-0.048748758,0.048013974,0.281011760,-0.087247238,-0.352645665,0.191001058,-0.337150961,0.030439790,0.007121672,0.044544242,0.113663994,-0.867074013,0.427798837,-0.216534376,0.043461189,-0.448268294,-0.359872043,0.555490792,-0.727099299,-0.525543571,0.402380347,-0.419827938,-0.092399105,-0.244427383,-0.567978382
